acc_x,acc_y,acc_z,gyro_x,gyro_y,gyro_z,magneto_x,magneto_y,magneto_z,Ground Truth
0.9059178342877414,0.07627095463882617,-0.10393276173640104,22.160354513240765,-0.2601078259551186,1.6507094032281175,52.66312760630077,-22.409809371357113,7.595210897819843,4
1.048342051803612,-0.3683997011005889,-0.19617519739195632,16.237436533516384,14.68316171868917,-8.689462257178954,53.95525576871036,-19.193161572565018,7.963501515714908,4
0.8661634361309333,-0.36638117436425754,-0.2195834566984415,35.677524528545774,2.6241300594955628,0.834331681722463,52.83289099622879,-25.6329778506078,9.091787306235378,4
0.9682139727975345,-0.044085435780787954,-0.41917039676060397,66.1423131739616,23.914163329409845,35.967011344967545,48.039603695580496,-36.77139447930388,11.28244430313483,4
0.781110123632422,0.222782925865054,0.08437920959742873,106.55942767358052,28.338063321685254,-79.01032260984469,50.21382134834145,-44.65166188322152,-0.7590050989794269,4
1.359867914602596,-0.1543313357494656,-0.0827108378214117,60.532621871260865,-7.971517841617956,-20.648338818438436,53.94865811367275,-41.507789282069574,-14.30399444028051,4
0.8804481585026696,-0.04388440763187523,0.13667891558646603,-37.05437261264132,-16.4597139072665,-9.398686751012987,54.56402694649413,-40.72463682083834,-17.488594928905563,4
0.9796449276763651,0.05258253720512462,-0.16105384853237054,-39.69823731114801,-13.706626322785471,-10.845582581408273,54.6828302484512,-41.40663391651756,-14.979007476921716,4
0.9228376031040239,-0.06177338969043397,-0.1092044981525028,19.67369582537992,-25.166766037848582,-31.153176218191337,53.666480079796436,-39.177317745655685,-13.947464949684225,4
0.7669364479263139,-0.031804393201821296,-0.03577113355106504,-4.064293224984617,2.599852202156023,100.12796212695311,54.477628913013355,-40.91336448522857,-12.462331416808262,4
0.8086208000026375,0.07471028200626643,-0.27882931969910557,-10.065879406476268,5.279517816101526,12.684709318161982,51.854641966076166,-44.01632981531435,-10.091107981442981,4
1.0716374833912414,0.1457102267826643,-0.21655557894440103,-13.937738507929643,-66.70915627225695,18.31174141326758,50.23672455664982,-44.75899869644898,-11.923909981107602,4
0.9572260036074887,0.03676951436476075,-0.09934642946991863,79.77075583962059,-52.46470222429356,68.49528175380894,50.15873718386465,-47.100545641779654,-14.85884468049905,4
0.999419221271697,0.43826813250658936,0.18281102041621827,-14.49170290909375,2.2921274038585238,8.571748169031007,44.967413618343876,-51.51951470191577,-16.67254535088479,4
0.8110896799754569,0.31493382358315725,0.08859951624122718,-16.479441868247537,4.67586711452937,2.053637242677913,43.909068425555816,-53.030897051464606,-12.072486666950399,4
0.9847814643438867,0.10287144806597678,-0.05831812113779335,9.04384547700919,-43.856712238514376,-105.0595863694879,46.57260842150178,-48.94105930401687,-13.017305614906508,4
0.8648302222401455,0.0013224184805178812,0.185773520306306,4.3912182904382115,4.490437049058279,-8.154777757840137,53.8164241307364,-37.068093573041864,-17.000751195006764,4
1.0766825746232394,-0.2118185800696698,-0.03278644789756885,39.47853697552458,8.781964096819978,-61.63336077771653,57.197464581653,-30.581657186614027,-13.490731230102744,4
0.930002766243564,-0.2597762040549928,0.044554897071251966,21.107901642453374,7.685699223733044,46.59795501178652,56.85368761065991,-28.53259738150973,-15.172132658683868,4
0.9969194119037759,0.014386440799828204,-0.08125299457327394,6.078520303574986,1.485280564188837,55.38187388021882,53.44297745281422,-40.14163003225989,-12.137053653633934,4
1.1091567697532891,0.039764557741916035,-0.10955402007766116,20.952025880014073,-4.13772048364029,30.20210782997086,49.69518597900267,-45.91536053254749,-14.019775177415355,4
0.7662083730623628,0.1879323100101153,-0.1542753284921658,-16.524191785241854,14.019577938933411,19.60566817323109,45.367683836138205,-50.87029614170885,-13.210834217321093,4
0.9083827656500656,0.5793918200751628,-0.22770922173870242,16.19147806190869,-1.5280976967664526,-1.1701177530557307,35.738735340018934,-56.19494760964485,-11.132797347861791,4
0.9521452941110377,0.14370214895850408,-0.22664176675757824,27.555219919415826,12.313199697180869,-119.12687326661708,47.43252235690813,-47.28659489685311,-13.421721522019219,4
0.9000307416538635,0.3361058432911256,-0.04368828866338456,31.59413386534163,-12.429662288378026,56.204605961780665,42.53919437922946,-53.68189908934423,-10.301335861597249,4
1.1571867657273844,0.044552405038025766,-0.15447490721924098,-2.841321228232711,-7.121598914008369,-72.60875772928499,53.48056919716524,-37.04500724782723,-13.438364786142099,4
1.0243204577834881,0.15440311800738024,-0.08976162668170684,-25.7946087801683,-3.2752754328886344,91.90945190303499,49.39128328530202,-45.95647565215093,-12.881453318415723,4
1.0485068328049876,0.001446721149457042,0.0407420472719493,36.2635372961709,-12.559955786436534,-144.16936388792155,48.172462891814625,-45.90985032212448,-12.035910540733614,4
0.9865476033374976,-0.03274091284122613,-0.1677161749672529,-9.884065426949666,-10.473493347587596,123.5335874705562,50.57025734492545,-45.12234697097171,-12.070513822561804,4
1.101934815765341,-0.06563987060571316,0.060535792392918036,4.9327393559330375,-8.311394404274024,-73.22290694398957,52.0094307203116,-40.39751592825835,-9.701955875818504,4
1.0025890383020244,0.07292412231103519,-0.11800764650970952,-7.750827194710051,1.6283091616044931,11.680594148589762,48.246042070368,-47.7539050303493,-8.163336886455923,4
1.0346809533225598,0.05201130877656628,-0.22141929598986226,-14.636290630545256,-8.536097405397996,6.5255341973991925,52.61515884083146,-38.22713457515429,-7.454249936959653,4
0.8178222701438091,0.1459396059238101,-0.00877177645508423,-14.20521023685866,-17.770557559868678,-24.670403113549032,49.131909673983806,-45.71359114928018,-7.8292059471528335,4
1.0262509636261223,0.0024326751871325616,-0.13877974042458296,-19.79049426532618,-19.508644935504595,72.64846693498106,51.420581878473406,-40.99171847509226,-6.1055438611822535,4
0.9860559636828121,-0.0026193797797832985,-0.08700483886556593,-2.4911676700353036,-11.823604501349257,-75.4940176259366,48.24257108326148,-45.15981138293105,-6.4428784686658105,4
1.0938215903486912,-0.06428449699985805,-0.10384699061542481,4.70284169098497,-8.57456002969684,56.89367838047998,50.719387412399165,-43.224187954697435,-6.51144814278331,4
1.1683155999745054,-0.037956019638289304,0.02399160247323283,0.8992600247024377,-7.762303672615119,-13.694550857380941,51.49346753320437,-38.23154912064961,-6.584256920305909,4
0.9372477517214464,-0.011816449845258408,-0.0247879013241354,0.7322368781080109,-6.504298873159373,-42.38361806325659,50.92316794087367,-42.03030258164453,-8.602851932608736,4
0.9214470836165741,0.19794577186538237,-0.09091867291589187,10.021280470976608,5.232993606884002,12.091341416962173,51.300790727824676,-43.059493054627715,-8.236672390175313,4
1.062552228518101,-0.03399390482172211,-0.12351537183226965,39.14306648094175,16.370845873658144,77.87586488268104,49.96041376887229,-45.022389210482125,-6.998028121772651,4
0.885211736878746,-0.06664194294563255,0.09416877367110381,1.0116672865223317,-10.351669721776384,-42.98146254187206,50.99541469679287,-41.801625168055246,-9.024059127313613,4
1.0050956275181377,0.1804802580043613,-0.035006013390271165,-8.110291837183874,-16.488642565516045,73.94182527103222,49.03452306928911,-45.550429349637994,-8.159842187512815,4
0.9143330746910309,-0.01566482376963979,-0.016844424896427596,4.4347333784546255,-10.236152594971001,-59.25847070118764,50.766136918847856,-41.11058476922964,-10.456969793436299,4
0.9061887024894613,0.04675213473528994,-0.11295093937781531,19.401807249923273,-12.167906380710885,15.334388424841883,50.79471619771019,-43.19247829568055,-8.237526274677572,4
0.9759872008433352,0.14044385843564172,-0.010330554399442818,3.1245985343644977,-1.8110510585520674,1.486372358317154,50.91685476173728,-41.37567191106066,-9.898681158195114,4
1.0981631305352473,0.1161154267395833,-0.04472930137070798,0.7318313956987529,-8.078625035951683,1.7156743960923144,50.64432526483113,-42.97525493316784,-9.702759929553629,4
0.8693512031747463,0.19451919890462863,-0.1044342518750253,7.750322706270286,-7.975794426107799,-6.520790049468919,50.89887742469748,-42.871417708698736,-9.985429718212773,4
1.0887926455243595,0.09126970866041562,0.05916242562006585,3.836866478929373,-0.7405856814920551,-32.6715562845247,53.053839767756,-39.05390261763937,-10.640646849737347,4
1.0589477382213879,-0.1046399190574752,-0.12818434063598602,13.415510077413296,2.2565327528079533,46.14239055195594,52.306663882072804,-41.326118716988326,-9.821268436082445,4
1.1293461731736445,0.053945305792674286,-0.18709686860848673,1.5807730453440063,-16.89239265474299,-26.559988372747874,50.129081533976986,-43.66747828955036,-10.432585541118659,4
0.9640977743531316,-0.06741765799053463,-0.10836327305614452,0.6996627406973543,-8.896256298175228,17.665396410669377,50.89836784516055,-42.330339752126,-11.470302728990474,4
1.0649195341291335,0.19384913898464817,0.09672277370228964,1.098847245731953,-6.746318978033298,-4.617696039311355,49.7197640313003,-45.08204927125735,-10.140998943203332,4
1.1016039257460288,0.23758226810068828,-0.16274798359458234,16.429414254935473,6.002900554017457,-4.277125843890677,50.053507940607695,-44.42866131730011,-8.986097552822935,4
0.9290018402149317,0.04392879735787959,-0.13369109773579202,25.550756280162254,-0.2846000118794577,0.5792720547922402,50.323871718720156,-43.82951127920716,-10.45526944654867,4
1.000497080254955,-0.04868947239366858,-0.2602120100004989,48.0576727359806,-3.1898724315595497,-3.003443239461552,50.840289092770355,-43.69928172869456,-12.782021399471,4
0.8875557180322846,0.08707142150331552,-0.08116674129810578,21.93344767768373,-4.6726762046422525,-8.542248410833185,52.57344085091431,-40.872640117136434,-17.63090985048125,4
1.0304408468777673,-0.05623620882593609,0.026169514818002393,61.12803652370017,-1.6662756260260783,-14.08659781295872,51.37881757582997,-41.705534727385064,-23.05267920696132,4
1.0858763030390501,0.10398340779262297,-0.16293118402494325,17.548179260630157,32.57740998820045,1.0695803182007773,52.07330418852857,-36.4731483762938,-27.841053079242737,4
1.1402871806228065,0.0839914642667568,-0.05135788641186265,46.03553943686952,7.263552252373791,12.732982412079854,53.629944940062416,-34.20115588276297,-28.546194132710255,4
1.0588070597085995,0.07575578906653882,0.020560810952606756,55.80795211958034,-5.4820857010548325,1.8703145871755773,53.56583481493086,-32.835486506940455,-32.02899013503602,4
0.9671174431493212,-0.05619727733443173,-0.08395329093318872,59.786196378700986,1.5737815516890346,-2.627441529048233,54.16554581073514,-27.458958389751256,-33.64745370186647,4
0.9467322720691558,0.0026821055185047987,-0.0839545474015658,18.883327668125983,-9.953175428195246,-7.88285173404054,53.85921907837916,-22.195414409033166,-36.20256080852893,4
0.9259897562661443,0.10575321231053521,0.0018927241750396982,24.66930395573518,-10.28072000520068,-4.055302259885444,53.24509813414896,-19.983411445486976,-36.30258369257986,4
1.0007167571205997,-0.1792870959674329,-0.04933307392033346,25.18361653202344,-7.335251738943048,1.2654207268309616,53.31919942572593,-16.73060034417552,-35.441834387303686,4
0.8495853730813249,0.0453868440562642,0.05170490167779432,7.4405607986731646,-19.735448729444457,10.997447253840567,51.938061668658754,-16.941164490810706,-38.09434124970241,4
1.0985431392339409,0.2138047684813809,-0.07004651590225885,53.886219646585154,15.870860614679637,6.8319691307638,51.528794443520525,-16.605374761583743,-39.20211847238067,4
1.0855087619869244,0.12278193888425987,-0.008933922273644063,30.988295505524995,-28.505166802386945,-1.7699101225696143,51.76683065776937,-12.346448738394121,-37.648846126076386,4
0.7252611749789162,0.10122226620211947,0.21953474018932798,103.82645237151385,1.2500595684525337,49.28798515517636,52.60316456859153,-13.06830300099131,-37.04215429151668,4
0.8399916257751847,0.0671889881630189,0.06064537876096798,48.50270078552952,11.828860354735584,2.064547055328824,55.41400283678495,-8.221613023952296,-29.761406163598725,4
0.912797607218035,0.20162790581082357,-0.030381290185052354,30.535292771080016,-16.814290709133466,-12.327868882786722,54.357054632949065,-2.28381550428329,-22.548423434174182,4
0.8631774607238262,0.14052976488841912,0.1323495610076036,62.609788659222346,-1.7606218665816984,10.648009673985689,54.41940608603883,-0.8611338525104639,-19.537117305299795,4
0.9866990416727918,0.12411993868079646,-0.017741465402610138,66.25305088620416,-1.1751098598654608,1.659835192224669,54.00211060198457,-0.7376495440913485,-11.830294884523225,4
0.882860399862891,0.22584261826123975,-0.006892888310280829,43.37109319900313,5.8362983275774445,16.67092816899864,55.23067430853929,-5.063271032051142,-4.940121041083281,4
1.1032517725568172,-0.0326565513416739,-0.011143351923893333,38.53491165096904,-6.654901955232118,-3.283686791865135,55.27527443552906,-5.707302705279031,-3.418622315592016,4
0.9642989634841302,0.19266966589890971,0.0641866892949281,17.109066458543257,1.1047791118962622,-6.4729473605467245,54.869035596450814,-6.313448139890844,-2.0878106080699204,4
1.1160611405951306,0.18942897489052682,0.008682164402152803,40.576438102870945,-3.522833952545895,7.629330949505132,54.78344768262912,-9.801131003123249,1.9637059384040867,4
1.015155103915773,-0.10194489789607747,-0.030516384735044397,21.121114236406815,-3.1117188483503897,-18.825817461141984,54.44108359189259,-10.223219274205816,4.276159597541753,4
0.8658546916231922,-0.05350165483917767,0.12185826627556513,22.163149235466467,-8.634362814462,1.660260776137946,54.17728354339354,-10.444030627515371,3.753885127834262,4
1.0992488995321763,-0.09357490472961655,0.191322144768632,-2.783519589223113,-1.56561318856937,-4.55473181433972,54.4667734332349,-11.405726296484685,4.968784746957223,4
0.8137276895886092,0.19759100056842333,-0.08092341059588465,-5.7549137289965335,2.0250233914737903,50.08263188161283,54.30543549663777,-14.427411581312803,5.557665829366638,4
1.075539618548429,0.16428393259351912,0.20425681004009047,-5.991326052001716,-10.948407390529582,10.18282183066965,55.5827096668348,-20.41657786115892,5.239092374904781,4
0.9176911856723279,0.004583735605504305,0.07978680779394234,-40.97146906079343,-0.49522924853610306,-47.23090831743683,54.62011649160092,-12.471874343238191,4.201756105620846,4
0.8771306845595682,-0.08875300408494886,-0.07680391504282377,-23.77455926250036,5.404773865882632,-30.38280112373927,50.81108093672669,-2.043530431057259,4.790221931023179,4
1.1299972282770872,0.0013912178295231344,-0.0001546885430530609,-69.67653452477212,8.144142505429114,70.98901141306945,51.47448293528636,-3.1835654822175776,3.8349330591817004,4
0.9145643583854218,0.12183229284333852,-0.0517019637884093,-4.95184523237443,-17.164967849525762,-10.650450464304445,53.024578699397956,-2.0764202756297485,-2.2040992575774876,4
1.0908849288343765,0.027519406791990414,-0.09728108679378815,-36.78985098235589,0.18967428108360587,-10.91419812863449,51.53666354482203,2.4412442333120463,-6.011401202795886,4
0.969961200410394,-0.05411517178453868,0.02203036736652028,-31.891911798032055,3.397685440280105,38.2573317328456,51.97274026914626,2.792446954409841,-11.087707951102175,4
0.8647948352143155,0.025274726174750343,-0.04349162734991387,8.878433727397388,-3.2472503776250186,-25.15016452855336,52.76774134180326,1.4697230681827285,-13.473008107700066,4
0.9773205044533946,-0.227533127218823,0.1012940065405769,-34.89942978981693,-6.298611343672815,-12.94280538744482,46.97550851112171,9.457005411905644,-17.454621175159787,4
1.1417425493907551,-0.08282323061883409,0.14321890029998272,-18.755230691021335,-11.673612227485966,26.4103962226745,48.97222365896697,3.6601551917088746,-25.643310128512216,4
1.1036980615697265,0.055073720011411156,0.2087359911143173,-35.13128004156108,-6.166063788957755,-17.50159192274291,48.74801267673935,2.428440146240891,-28.15883454946794,4
1.079232364391819,-0.0928963548149124,0.17207332064694902,-50.3632591580601,-16.911500760160084,2.235331111753512,46.47229526761935,-1.325064301903995,-35.45106965862979,4
1.1162058102278951,-0.05682361172183616,0.07683950555787264,-29.76063731289668,-20.526390993574854,12.424298204842959,45.671390727893815,-4.277949189233004,-38.427266085629796,4
0.9151729271511014,0.08180094535888852,0.2454821700233846,-68.24415939149648,-45.364231677555836,25.387889483902992,46.1855586854527,-11.076426843135136,-41.03456636391748,4
0.8439297857397446,0.006456426462930839,0.03452247329326513,-5.449860813344658,27.16274877334239,-32.29772717183379,45.96513723871689,-13.319277663421616,-42.42694738505729,4
0.9203471567012895,-0.05649987917718502,0.1360140431081499,-52.940771556110555,-3.2388839351469207,-2.034004430046943,48.00213080059139,-11.801061141375513,-38.95131283051456,4
1.129127281015169,0.17003787766221,0.1937467184551686,-39.898828934935416,-15.929378530420964,24.089025815647584,48.67969148481402,-21.024053407121986,-39.731959546610554,4
1.0812326959429495,0.06954327461083536,0.19236400461533565,-53.81400267048933,-25.819049777048708,27.13183239330269,47.27221790992286,-29.31372366145802,-38.68679222685149,4
0.9763743263757236,0.1372258014416862,0.031344398842007515,-44.06040565785311,6.470331120025914,-22.299935392457172,46.00454425219919,-35.418537054963416,-37.000747731217544,4
1.0446001954876092,0.18557259106142995,0.17353190500317683,-78.98747111058941,-1.6216812483875966,16.643218251637375,45.603092958840556,-39.00090121235955,-36.78037764983482,4
0.6389862389333116,1.0040981228901378,0.9470807797450012,-271.4134784437116,-48.69916511934177,59.21873842042545,45.35369341785493,-48.075768382495326,-21.049929486858552,4
0.8571584542462293,0.2624573715080966,0.10543834795493667,11.254701737992653,6.993844031089618,-16.130345705062865,46.28311132531692,-48.39846062348588,-13.92903373569405,4
1.054357601995435,0.08071625357222097,-0.022749233345210805,-6.838341204265275,-9.67045612091026,-3.62941052632474,48.23974174790288,-47.04640816980497,-10.840203426920972,4
0.9935613617419582,0.09122918456860048,0.02202659535491383,-7.627850491950711,-6.053710123745122,0.704127997689566,49.18207752128743,-46.84726650704271,-9.80843089608323,4
0.9076460943352597,0.27447537896086155,0.05597292661068051,-99.17157674791744,8.146023966296097,-8.985586575013448,49.02233755169696,-46.891901921915476,-6.392650302762815,4
1.0645675302105746,0.09808940965335707,-0.20455325726055562,-5.09295795252048,1.2528851637583993,-14.066559708156797,47.95821520617089,-44.10899131106655,-0.7701817672426516,4
1.0773664120533866,0.0823065335320706,0.04077408855370855,-125.94693266137965,-20.564964930438336,15.346373227413766,46.65728264685946,-40.08612768647346,7.1995642347745195,4
0.9205501655790649,0.1583825797494834,-0.2007029594531783,-57.105963575723464,10.634719508200579,15.118889820056523,48.63296874940806,-33.50545716129866,10.449526512467335,4
0.8468036910360243,-0.006664342612158924,-0.04423092171120205,-64.67066569063768,-29.339723187971664,4.356424155134462,45.90791372289086,-21.182620375727492,13.976063514200195,4
0.8657160657369012,-0.08204889680314456,-0.1620103020626078,-22.36311668639929,-27.166121804875527,0.9359603814638815,47.03613932692287,-16.94998598848361,13.594453214829578,4
1.0664580702904316,-0.040162344329283464,-0.19686498043189424,-51.838713473705,14.563242259526985,-4.347849192845634,47.12926258716045,-14.824908245957866,11.765460060156808,4
0.8870288849509669,0.16440411748199452,-0.13159163034861887,-47.86325849230099,-3.179302448725934,24.97385026457523,48.03245822611353,-10.016112166217425,11.230952749160425,4
0.8671979451355327,0.005451938842871668,-0.09541356155412088,-31.561366465519914,-9.781245486851391,0.5928486679281657,48.98790005780866,-6.580023840116275,8.788846450035914,4
0.9908839432137901,0.030079526232481238,0.05298647259045565,-28.17696925310362,-49.79968379514892,-7.274629045155424,50.15462503237029,-3.0667024566469947,4.672696005712563,4
0.9326899257866962,0.0264362495564891,-0.017591945334200915,-78.39487307426519,-8.87405878349457,-30.861318480286396,51.286620669086936,-2.338585303546101,2.2740611958999355,4
0.9815223324539322,0.057017351134338395,-0.007559496920749212,-104.65720784898298,9.382519160283376,17.975161006336048,50.4168313669498,3.7628824708088486,-5.99134684285001,4
1.0576740213461067,-0.19592628232905313,0.05657642213468714,-93.10081595844167,1.70989816518711,-8.64516816502148,49.906854814121466,6.744212495488247,-13.286053962306282,4
1.1021901703356536,0.07091000131910391,0.166006245077789,-38.35621433539582,-18.996017257604638,2.9028530993878747,48.23774968663306,6.007818659789919,-20.813952627233956,4
0.8584473148825944,-0.09338518436365288,0.034209217808878395,-84.15253683205353,24.617126722584988,-0.7939352272567942,48.23567857496215,6.3674083481458466,-22.916684549695145,4
0.9286501512106919,-0.19713144287331447,0.06266639125287791,-20.33379244255639,-29.517988751562616,5.5299414639038496,49.20124260249128,2.7646908529097747,-26.084950270589236,4
0.9754878255757171,0.039782305965803774,-0.006368517297856452,-60.51219521047122,-17.64068759010519,-2.407103133990667,48.2079022707355,-2.2807734685120034,-31.96124229820351,4
1.0436549077633361,0.1744631504579266,0.13114134793984078,-40.48036943246482,-7.29836395421352,1.913444385599006,48.03493784998751,-9.915412543082063,-38.37594534841313,4
1.0629026039095841,0.1107856281933248,0.07690079451654673,-28.558950479721744,-6.396204966000987,-7.129888442961765,47.60622952719471,-11.968022064116898,-39.20584866979449,4
0.9787309612322077,0.18730576657872844,0.051944945949059074,-52.13541297739847,-8.71258134648473,-13.626269136408999,48.47108923493526,-16.925124776839752,-40.902381467245135,4
0.947620860848595,-0.06604707343408223,0.08715975655001265,-29.01941413542501,-4.814929079555496,-10.24822591388326,47.808270465738666,-22.525132057277087,-40.593165273268816,4
0.8280166499927532,0.11249567402325492,0.12580068030109104,-30.68088402450475,7.403558411864051,16.57174561420792,48.085268524629946,-25.421370392104755,-37.211323268555745,4
0.9720807005354075,0.08242270152563859,0.14189789822936388,-143.47391644141103,-51.84716085273045,-22.172300361743037,48.217651940239826,-26.41266298817674,-34.6783084223724,4
0.8484926451226091,0.15111163038322778,0.29608340082487433,-33.45219294205227,-63.250462810754186,-1.3465555977333605,43.177203074167295,-33.6386651189138,-39.54465488800966,4
0.9493685865757712,-0.089794831572871,0.29607591330338623,12.690727228639142,5.22414492835306,-0.37606710687085254,42.3005490916848,-34.741552162676825,-40.37405859209781,4
0.9230983715723647,0.13365069480367558,0.17669968680409626,64.90313784822482,1.7271136482285732,-1.0378785786139593,43.7934185091104,-31.447744598940233,-39.86406751453572,4
0.8188999211401649,-0.08868129982321059,0.26046396421052154,69.12800295092043,15.704751748092743,7.175490541970774,44.41825204320899,-24.226932406379017,-42.37360862907787,4
1.0056374366443013,0.2043034899546021,0.31668286548640223,29.87491561347696,7.446818139008587,16.336253630151177,45.51984059400781,-19.600922813444548,-42.79908963785633,4
1.010898539899961,0.0018925156511439382,0.17803970567525976,14.118333225808685,1.248935122396187,-3.975771505160125,46.765876229972235,-19.08311183923516,-41.26411404014861,4
1.1073083692716637,0.2289903991238068,-0.003383567807467028,40.33487331491597,-43.883575279769055,30.354939227049087,48.975399921727835,-19.889402029884135,-40.07882579736105,4
1.0243931652298244,0.08639743569648851,-0.00021745182592379508,22.922546192608007,-78.59377345323412,-6.972484676753988,53.25763847098101,-2.409922315342703,-21.156003609760475,4
0.9486302703091036,0.24801006276726617,0.07869536064328207,27.47629525630558,1.0460884972124334,-6.551013144298543,52.122002097583156,-0.8288059959930032,-21.408290696197923,4
0.8960794182623918,-0.03835743444502719,0.14332530555198825,26.926946593984443,-11.564346868854813,-4.97968596644153,51.01501773675771,1.8411947000786821,-17.915839441426883,4
1.1431894668602285,-0.08363756605062846,0.02140712091820296,34.099251096125705,-15.525090845239601,2.62491795504081,50.58936493754713,3.922449156460955,-11.762868255072169,4
0.9232269110606901,0.14152061715812028,0.0731246513597763,75.77588941794966,17.679401803573274,-2.7501005163632075,52.20891598883825,1.2085637502888116,-7.0423731475426665,4
1.0712829884362023,-0.08060303288646571,-0.06947787065915277,84.6774544455452,4.980525011186226,-0.499575930934493,51.179308944098956,-1.659288035483696,1.8214263864101015,4
1.1247272185420372,-0.10948164841668165,0.08340313064732348,24.817664824592946,4.177245834808549,7.923700989815706,50.62472058297646,-2.4146158766395702,4.996173270484621,4
1.0656441644923504,0.13848504681994842,-0.013102011966862684,55.677320139449876,-9.284459768552459,-2.0745942263946793,49.2632680246179,-5.33211595411956,8.405601442997575,4
1.1152171299694154,0.22971563920927165,0.06313152964022711,35.32375383753997,-18.67580971328933,10.26062242506544,49.97921680857763,-12.909530988591555,9.823747234618017,4
0.965526627796012,0.004442621246221495,0.06696792387543599,39.99627298795466,4.733226978366279,-5.318737961725038,50.409125164653595,-17.116993279334032,9.800323379357405,4
0.8304724302170359,-0.08034217945483674,0.044149937870484234,72.16483355548155,-19.24729576653071,-14.161097076411194,50.562926344853786,-22.380449427191458,11.747254992565182,4
1.0173570183898306,0.24358873635130798,-0.1663868432406367,21.228180213145095,-0.4896233851733759,6.069933233654449,50.38362138807311,-31.09605489569691,9.455109951614586,4
1.0013324369778684,0.01032957267593465,-0.2892241943034272,140.57455394751744,-4.8255346823082,-12.320178374002916,50.74104149576811,-33.83443815048846,9.01134490879086,4
0.8849675873573654,0.04519736641417832,0.03304332596733128,88.62193422690656,29.989416971517173,-0.6253633916192293,50.51565527190739,-40.36457856471022,-3.951428987320135,4
0.9902772135070326,-0.039827273016620576,-0.12043255406617784,83.93498893218397,-3.408757493371435,1.8786787863528818,50.27013811508753,-43.1318773008011,-6.99189951732092,4
1.099038316060031,-0.008044000031241824,0.07408788323635922,82.05494849519262,-26.94329103712058,-10.567328465856615,50.531107033622334,-42.937330534352704,-15.63487673216292,4
1.1369371072413539,0.02411820639906609,0.15896237508712652,29.61554319321903,-8.887476833083232,0.059150180875219435,50.785114807814224,-40.95051225307752,-25.362249437957633,4
1.1109924179007065,0.13420390632200374,0.13875234027634994,-1.5129691527265579,14.457878570729568,-1.5911326761144748,50.743063075241764,-39.70131553772909,-25.108540838018666,4
0.8785758815123698,0.14644482984052978,0.08988625828612029,42.721662344614245,-17.043440062088077,11.18310755893478,49.70238583722717,-41.96897266574056,-27.540218633202134,4
0.9337488623775684,0.13369897926280327,0.04223021738723051,82.51053089517252,-12.363182816193863,-13.273729501922485,48.93683458435795,-34.551695729557736,-36.23643379486657,4
0.8665688964983989,-0.20167551395419747,-0.09782875538660782,92.27435865698864,24.499680763173522,-31.260673887112276,51.768304200588204,-23.374497606378025,-35.368948405474015,4
1.0216694335888106,-0.21181019156457676,0.010635647619226363,46.54507922841066,-7.578481323409795,-1.4376077612854652,52.63946017459368,-15.853865105991273,-32.45654653866463,4
0.916841856688644,-0.19794418884601503,0.052431464256609585,17.331592406534888,-10.995236935418404,24.06321163073631,51.43741670484724,-15.81113560767871,-34.72226942612668,4
0.8794633503844957,-0.03304943822369395,-0.13451084807507088,12.176474464938796,-6.953846881442903,2.2805043882884277,52.20061634343342,-15.190966826701848,-36.077021127094156,4
1.0350713053125864,0.02716243749348171,0.17752196514223903,87.15572254083258,-39.31521213670892,0.3097143806126186,49.302818289779516,-9.57397462141097,-35.21808386575819,4
0.9586100027002145,-0.03260503572904952,-0.075471713317619,5.763388566221002,-1.6056992159180945,-6.689069296145485,50.38582623287803,-6.732308349056827,-34.56813541701852,4
1.1273593256705055,-0.02585793984061256,0.1522039464569066,6.6797061726436535,-13.597748555475983,4.228682659911025,51.00318060303558,-8.937543176168456,-33.602039298274335,4
1.0690643433662852,0.01733448856171217,0.17731413355464778,-4.441523056359062,7.572227790657677,5.613417927319184,49.784069549453974,-7.943340880476464,-34.64197211219409,4
0.9532536527716314,0.14885051240734942,0.05531394098375629,39.63187261093682,-13.146611599617124,6.14830641955417,50.23347464096961,-5.785038188810663,-32.83963166796571,4
1.0717276540172338,-0.06174617827932061,0.03602068489461624,13.032091095205509,-8.157139954729704,-0.9424561634577532,50.407170146525,-4.0862731878532745,-32.43040788747669,4
1.1262218179798795,0.12148179808353349,-0.027727913875497327,17.28355956871019,3.989801747770649,34.68947848703309,50.15602042785295,-3.1784044913831337,-29.793689705271888,4
1.0394289717690333,0.10135673833714777,0.07600953467394206,22.86348027975251,-7.396161398678987,1.4643356755136259,50.90333632257969,-3.4086431022387873,-28.26541465720955,4
1.1116604177603804,-0.04819977545830763,-0.033710226054468634,21.039658167629607,-7.272799105860619,-4.728829584658367,50.584634686309776,-1.5731604808251134,-28.011457805082706,4
1.028825032461972,-0.05881045003653698,0.0829832726175336,-16.32070748634027,10.41069535078482,1.5068297526194783,53.04128285939835,-3.835191415355169,-27.501916507326094,4
0.9429531614502841,0.1592200692010778,0.09920532441476719,8.140854243419197,-3.7669281546950146,-3.544823984447891,52.5677163864207,-3.115517297797287,-24.89520499901862,4
0.9430094537983401,0.16860384434441664,-0.015682336439739458,-0.5579994072856866,-0.04126864338847083,3.4253450440038224,52.79443468700766,-3.4150127794905325,-25.229955400792605,4
0.9309235812550576,-0.021258241636808166,0.05051973011660737,36.55026041682687,-20.336154605501292,-0.7696214029986947,53.1992183194243,-2.102521595601285,-24.09443786327243,4
0.8851149212420173,0.1503198889880134,0.18410457439477182,136.46099838510884,-2.2521822515215892,8.152687900333358,52.350760775897946,-0.7331739754265615,-23.8500972831589,4
1.0751349847739433,0.19313378299347106,0.08163160005960753,46.792488473420214,-9.77003046728659,13.87042912106749,53.579169893102915,-1.2795726259618185,-14.50247965412816,4
1.0079422555364903,0.10298824324126907,0.095722816181084,162.51332339055347,93.17316298004327,3.532425610442164,55.02198098038941,-2.4759301762587174,-11.230474649370217,4
1.0708953064290327,0.08662263679790311,0.02380026816199937,8.200560164932586,6.603437310371488,4.255664893649101,52.792529000627866,-0.34581169921199784,-5.860472012143011,4
1.043353070319864,-0.01793911500614742,-0.031159741965712723,-75.11630385856961,-5.340130641944735,-3.6586403345590157,53.537392538355725,-0.7350676705219957,-7.2980742978982835,4
0.8515754084057024,0.17837386560634047,-0.07840120557624625,-172.06992932290706,18.414428526509717,0.6347697263053701,52.30374960140184,1.8252729943620638,-20.344458544377623,4
0.8214218347201571,0.11117568509890004,0.13606653680667896,-26.866253122976907,-32.65069705606271,-32.547989231945316,50.32762760091361,-2.5915670115932468,-32.32109548828941,4
1.0272278451471235,0.037798032647097496,0.18915758694274223,-59.382210367983255,-2.717622888560279,5.139700946863417,49.99342338425514,-3.4532769431162333,-34.51311756772093,4
1.0649562964805657,0.09785901175162666,0.08652597545923289,-53.54164133345811,-20.779398716625376,-13.02278521719734,48.718702664192975,-11.47013014908881,-37.53360022844609,4
1.0082858352063555,-0.03131722906454508,0.22346797725064874,-29.678486327672505,14.863438644784003,-8.58335965863487,46.32440924682048,-20.351510095454156,-42.808268285711975,4
0.908194929487312,0.14244410343214126,0.36132868359028547,-75.55267138666036,-20.28997979591501,16.739750177806933,44.908751624085546,-24.550922932489264,-43.12140452389748,4
1.034934368513527,0.15516810502610406,0.332475916823459,-4.729729123049351,3.3602298440366,7.327858496128386,47.35226288903436,-30.370430184826883,-40.142682371987526,4
1.0798154018489081,0.0006746126974835065,0.18230444442171215,-46.7068763073631,2.7532956449740595,-7.135602096066733,47.085845738703675,-34.49680780939271,-36.92428618570843,4
0.8349149580259466,0.1213467738036392,0.0787507396090867,-11.184599322960231,-15.652042107343352,-3.7685872900612276,46.861307928928696,-37.843853127460584,-34.6741249456316,4
0.7835983733475791,-0.03599906816436503,0.15582292420896415,-11.256880367295684,-42.1276097500301,-56.6687417305534,47.09265537581216,-39.3815209285247,-33.078449866926945,4
0.9886804013696944,-0.13598011360656395,0.20112116113785897,-62.21185987930225,-7.199449169879733,6.77401116880145,49.380758642559066,-37.871906515014416,-31.965724689838538,4
1.0731524605853429,0.04956447996841081,0.28956621745575595,-8.686755458666742,-6.662702363289311,2.6067035252777213,49.78871805840199,-40.673491375535264,-26.277199937956148,4
0.950180255031511,0.04094243874622046,-0.019010059010241012,-14.913069853640271,14.14874839425339,8.412744312897663,49.44992315236295,-42.59987997551168,-21.90764108814106,4
0.8933302305098492,0.16768674813513748,-0.0025823099284626103,-53.62788017374015,4.43958717837916,4.845694066932436,50.63711331727901,-42.55139649870451,-18.778461140473812,4
1.0938195583161372,0.17095534465336967,0.046845856138782865,-95.17309311913134,-25.66019774535221,12.168605337120356,48.890484263161355,-46.063589646849714,-11.630890691718553,4
1.0634403746849674,0.21055009181629308,0.13329679663497132,-53.37300529435943,-6.044222653543792,5.018332152214106,48.0856147568256,-46.27913211806125,-3.5434481921199463,4
0.9067698356027132,0.09691989178118003,-0.08603806999953584,-12.172992279161285,2.779398759215895,3.5635530274159666,48.1039818376285,-44.393259723373475,-0.557548057008607,4
0.9593063711042273,0.4431174810420476,0.09533515686362702,-54.28375732888589,-17.58093466546387,21.377581808718194,47.81793552807461,-40.44223004183919,5.6611896820132594,4
0.8967392976533498,0.3342270145379743,-0.03210020774196064,-20.933327586444946,-33.15550175280156,-3.267549723970502,45.311109145124,-31.76548547913872,11.83126805625947,4
0.9265505529803243,0.14105925055252327,-0.03417551919936511,-51.744319351114505,-15.266113743643096,-4.62915261295075,47.53470879230814,-26.776704212806617,13.684069539270105,4
0.9065251579597323,0.15130800632318417,-0.10553926285904239,-30.47814078679861,-15.123599441247872,14.63467026147811,49.12400851799214,-20.37936610207474,11.811744259450649,4
0.8119260176050638,0.11856991999575173,-0.10540780843548422,-79.45688042815598,-11.567405992420257,3.889386528356741,50.39197903972169,-14.653978826615367,11.583021542582843,4
0.869819802114048,0.00800366194322441,-0.09825728816619325,-37.87128171263644,7.881829640346732,7.326572954826546,50.52022938497365,-11.41805426496378,9.639139820505093,4
0.809128976848038,0.0059819698347980815,-0.24947714591804415,-101.88939958747503,-34.086172924717054,-3.079088053177468,49.738167489612295,-3.030276764573644,7.550852381438938,4
1.1064195669830286,0.028668419173081598,-0.035266580961663296,-45.284295761429384,8.978875588439342,-8.419565311427549,49.613186101450346,4.06451888366231,-1.5600458588154984,4
1.0236481198585163,-0.12627150768368345,0.12546247740479535,-68.88120122479273,-4.43891164108484,-30.604914760086007,48.810874482450195,8.352529724181307,-12.51373878004586,4
0.8248085627633385,-0.019627405945414372,-0.003758079628218211,-65.94535213469963,5.699910646532569,-11.018301373956506,48.187085099453256,8.645430989684483,-20.022880587658417,4
1.014038218968904,-0.16315582007607923,0.09699954012814896,-44.38784724757363,-8.520181099969072,34.105118600933466,44.4928696677078,11.264721435257597,-23.147853708504257,4
0.9034708711250926,-0.32217622384680467,-0.06367612820720961,-9.376617787647557,-11.215351491297602,16.871617204221955,46.33663023349603,8.237946381647088,-27.417443083696533,4
1.0209459262840388,-0.2566833203306778,-0.0744114701638326,-5.178442210366897,-19.372132989764985,19.186062325403924,46.93131699242254,5.653736439774627,-29.467497815506,4
1.034993616912876,-0.20146341483566432,0.07519636430186927,-5.614187302511286,1.3826522786729067,-10.083961149994256,45.56618224663736,5.948008766260945,-30.527924904010938,4
1.119155060285582,-0.18347708270390106,0.12414192141616573,-19.73720772703172,8.986886231888992,0.5792713152155621,46.717789185018916,4.510589326976953,-30.916538657065022,4
0.9515836577827461,-0.14386183782258918,-0.022916347896130847,-27.423284286276505,-6.229952966267175,13.871175834607786,47.971957370944345,2.488120988545844,-30.610760127767477,4
0.913770231703286,-0.1764808378162343,0.07557358238775924,-83.12312286738037,-5.620031847601047,9.35918345592811,47.6085279363084,-6.966764078254835,-37.13186954817979,4
0.8871628172005702,-0.03627471136832053,0.17377464773378135,-82.11746350086403,-19.470053003008886,4.593855203582509,46.15262562468695,-11.152154269848904,-40.052080900787345,4
1.1263794386789059,0.030050075448349194,0.05916664882218793,-33.93376963511359,2.795056056722004,2.965246579021452,45.90384743005098,-19.492996776157284,-39.447672660378885,4
0.9690647500106144,0.08726081549871183,0.09120432281426058,-8.526235670603878,-17.30679362034218,10.322013205030462,48.746053548700424,-26.030930811832498,-34.65674720986203,4
0.8328306875266014,0.09632216897747602,0.022744917172370524,-69.62665722933963,-19.45141074961761,-11.923942880266532,47.58470982547415,-27.668662560471553,-36.65074381974373,4
1.110420632074505,0.06396824063375219,0.15872693219180717,-6.237446549475932,-23.64016443590232,-2.2727788206120585,46.654293135588155,-29.404434228039182,-35.14244468359579,4
1.0785808595159705,0.08172469156602104,0.16107696934961024,-51.24631311337141,-38.94704945046291,-13.816382635985901,45.63018329979361,-37.58236308207751,-32.78919142597318,4
1.0591308603238303,0.2383913863048797,0.06267470274291431,-93.70906439366638,5.47405985956714,15.331358042286231,45.26416705427649,-44.162824788928866,-23.315959105877507,4
1.1037087617962293,0.32241315193629627,0.20102224681473993,-87.59623320847122,-3.189695785847086,-2.451020409269868,45.18392715204732,-45.25219717148874,-11.328793884488082,4
0.8641626559498158,0.3545685687272218,0.06997283236246177,-51.75541354142211,-14.61716466900253,1.253575229559887,46.31801420922336,-42.43319610244559,-2.0383693799563947,4
0.9157355842991781,0.231018738307929,0.043009432092015444,-22.170273654683143,-8.16124191909887,-3.807641964993282,47.344802410225206,-38.525837667053835,0.9060238370907723,4
1.1096056185449352,0.2403842020211625,-0.009689895793729069,-53.000081199046605,2.541613752696529,-15.367967890536233,47.88714684548293,-37.28402248558955,4.001875320038939,4
0.8862327430178226,0.28382401460764367,-0.145180373381801,-92.86945437414956,-4.251078925248815,-2.844010004665189,48.94421805340481,-27.517442562874265,10.310658493461254,4
0.9675521354398997,-0.1557386483125157,-0.09224494626872423,-48.83258853543686,-0.37963652095081063,2.9775946690734414,49.70856798793632,-19.865211640478247,11.001903909143719,4
1.0739230646263014,-0.16594893427538424,0.04491408593947455,-47.83803139929772,-9.86350073874423,-21.442068858000262,50.073341548458764,-14.407851263720916,9.49734090755948,4
0.9883254447583082,-0.1443835149907603,-0.07997799981145867,-93.36954237349644,4.113082511075773,5.78778132968616,49.341089947575256,-5.313263038008815,7.643141262059551,4
0.7633195065663223,-0.12683591326128005,-0.13985189053527508,-164.43591293017067,0.9235203726472117,-11.812501478620387,45.953473142041815,8.174383012154694,-0.41773394660197477,4
1.0832513558131802,-0.023183148231848985,0.028466617333783195,-55.71127133396779,-14.19720607619553,21.499162688388225,47.00841975002047,9.928627097165263,-9.442129760374154,4
0.9102243485484135,-0.14899254023144753,0.10536158974537775,-26.791186296926817,-4.239951877888171,-0.7421387152252922,48.22670228809231,6.54719263625881,-21.539325896609782,4
1.0730118745192403,-0.1888073340595104,0.052468323763547986,-48.88288150176294,-11.998016471551194,-13.36972120742104,47.508129307165824,5.4386026348173795,-24.449618388404698,4
0.9189053027543441,-0.1973097555275494,0.2895043320562254,-99.28044027384095,-2.018504210172337,31.43540318809105,45.429232476459816,3.5076019791498134,-31.692105391610195,4
0.8807453311366635,-0.028534357016703288,0.04635191858983956,2.7432145149028626,-2.5220774536941373,-0.842637103282134,45.736678062456406,-0.7516868167784375,-34.472355184255406,4
1.1198927722289034,0.04545959759307703,0.1537484343850666,-27.231755482584035,-6.42431009374205,6.365710104674881,47.451155140448,-2.8916994435750327,-33.33036059032998,4
0.8661975179369675,0.02064874107868637,0.012294704698535164,3.072143648056205,-11.148817885094315,6.214063992417957,46.45862171778754,-4.302652545386524,-36.8643582393636,4
1.0473713951813686,0.09716881162153636,0.07179372397591884,29.523844225885533,-3.956525030572392,8.87427272873305,46.381608969756584,-2.9275407678398704,-36.15748466342874,4
0.9859674987892438,-0.1171042754974241,0.15664046310988938,36.21191903726678,-10.522097588074415,-1.6637964234269642,46.37410800670195,0.2303106638475711,-33.122551635687735,4
0.9939898978382042,-0.2134917771660567,0.33221931088519896,37.409284828621914,-2.4684433517329376,5.44982044143318,45.74336584211923,3.5630811401894076,-32.61256003603954,4
0.8004812608465818,0.0761375424608986,0.03686905969677304,104.12138009057952,15.543373408042426,-4.700657935393311,49.30336035846471,5.890958151364423,-19.70042287383666,4
0.8567929162005427,0.03577642453078786,-0.016191658410485886,43.0320924600378,3.738893089918003,9.565855338036746,49.464457268258506,6.214875681876685,-12.118898757219098,4
0.8617233917850848,-0.13412963455530413,0.044760305136791814,42.052374252157406,-17.46964567598378,17.204956318644125,51.03706976174795,3.8083465206627847,-11.223438581970651,4
1.0794586342962929,0.20822797746797284,0.2652001234842146,17.934092085390777,-6.049367009155695,-24.81811887568979,54.1876043973252,-1.5789810439276426,-8.127381484266248,4
1.1078815245693556,-0.07201609430980145,0.10747923696739993,-41.472724945919886,4.056756335030923,-20.527197156365375,50.823180934525595,2.5317475363154,-5.29219037998895,4
0.9200265421090593,-0.10696063427713509,0.22120094432546866,-66.71429700097325,9.306464701565977,-5.047552769673304,50.969127524170254,3.823284172937106,-3.266167131373476,4
0.8463720687505096,-0.15075514480548344,-0.044713895282815316,41.80415522342579,10.122213805844222,-4.773122781833424,49.76349921877962,4.01675564571732,-3.8407826771669913,4
0.896172835854525,-0.08163690891317646,0.09730546663748994,14.735697861823656,30.310681987875277,28.990672129285905,50.652473336671164,1.231205519968455,2.170416451019988,4
0.944298306001793,-0.08096434628046284,-0.0034942881862202006,50.711579835551085,-20.991805232078026,-6.563555734484643,49.958835301433666,0.08075817923424333,3.1000964417554098,4
0.8952680783353504,0.03623184224939527,-0.05240209831533672,25.94996959340377,-29.43339195468604,-2.8422404744374066,51.0014983948449,-4.945966629272423,4.574624598055286,4
0.8862618551169098,0.005230444298815168,-0.0062174232610727465,76.0173118745693,13.417168955567776,8.86734326666666,52.14432123995967,-10.317466165852286,6.235314576436266,4
0.9935603586524087,-0.10547679608073963,-0.04320282323156665,84.85220737102044,2.2617099329764687,-11.048892526212885,50.46746215092251,-18.89504398563625,10.356714686438599,4
0.9705587234090067,-0.19802072210251542,0.08737523306826736,94.0083371344065,-26.594561149202452,21.017341468504267,50.59050243811213,-24.040439836223563,10.209921051236181,4
0.8097938275076378,0.05081227052185444,-0.1174446773719489,35.051293950013665,-3.9691000846929487,-6.136432353548096,50.890746294071505,-35.29582429240626,4.434355679761994,4
0.9884951346069835,-0.05203675414227005,0.12975916825382225,142.1630035072122,-50.21208856273528,-58.705958901080244,51.94283901352513,-35.914559150094426,-2.9548800058347964,4
0.7759621015359626,-0.35692186911253443,0.04646827343885471,168.1057371030264,-18.996870503345065,-49.745908115202084,55.918289995235945,-30.81184793192224,-19.808673665745395,4
1.0567179460783478,-0.3643583946291943,-0.11332199330917421,3.4253930605850442,-7.296870570912007,38.296104030491634,56.83024625306029,-25.917052017976026,-20.271583368572177,4
0.9635909901525278,-0.005256724311260438,-0.27216642135526126,-2.54882240659434,23.691538435292657,66.60542281418883,54.814484974412586,-33.38891064388982,-17.887592927620663,4
0.9195397431021698,0.19613046635131964,-0.0840528398715285,-10.995370593043809,16.942475297650947,37.59745006310694,50.18604359071121,-43.38851610762349,-14.000818277240626,4
0.9953900886868416,0.02524905895754942,-0.3151708380367475,9.703215076901476,6.413666305180536,-22.875552720492895,52.11256153715264,-42.71931496823984,-13.301546034946059,4
1.0686930876461742,0.06747931186348693,-0.09019160005040297,52.44065596362952,-8.619474913667066,19.793713888892214,52.59598714639789,-42.4010732176421,-14.839372991585364,4
0.9673100923750418,0.28305447184772214,0.01727983001347358,0.5493845873114929,-6.121079282822349,68.12364338080494,50.76068542920984,-45.59903178271251,-22.74606420128406,4
0.8238130494957936,0.21270945837610383,-0.13150069699258027,43.08750379350958,1.5745908450972395,-47.489278817494764,50.67259242427363,-46.384267310988406,-24.744787622837848,4
0.8305887437366186,0.23053168606722332,-0.04181828121584996,18.276003833452144,-3.5427192899932507,-12.201495561245874,53.77884711390787,-38.14359409675994,-26.349957884874318,4
0.9207815551203296,-0.06585490925483951,-0.053344636592509556,20.52628744663846,-11.021229096071336,-0.6326254307637585,53.89143950465249,-33.786705894198406,-27.879205777881598,4
0.878656477408141,0.09337729687689227,-0.07850290693695583,96.73759986293058,-5.969226479715293,6.150362845441152,54.99861027141012,-22.282744469462322,-31.094396539078073,4
0.8909928388030551,0.18896047810989167,-0.040602880892637624,92.84073690373307,-28.515267773763483,-14.234958566291379,50.77794189603523,-14.023572228995237,-35.81245874972496,4
1.1992266574383732,-0.423708735114983,-0.29285406895133825,190.28422139196684,8.153266280083892,-8.740354971839135,53.497847011457836,2.161370976074108,-15.430210576639315,4
1.0450230932226974,-0.05001305851757592,-0.050607230774799006,98.5535804785931,-29.536991316090617,0.26719778437149055,52.150828935230855,2.8067642452692385,-9.964761703299699,4
0.9130141129931724,0.02540787734680528,0.08940863974332992,52.761395416940104,-43.37433751309711,-2.018438356504849,52.33338370778874,4.088809376652423,-11.045960847285265,4
0.9170914570873767,-0.033620464787194576,0.1355599448457108,69.21200686083593,0.6938528261429675,-20.070353101386907,50.34194915101174,4.080797768880737,-4.609638419169925,4
0.9153714281666278,-0.09971651906045056,0.09453858207751951,19.091508042168428,-36.50247861853829,7.5856604594310895,50.46830647699614,-0.4919394885867179,3.392822566322725,4
1.0491183282614216,-0.1248345808492183,-0.039827164701289525,5.440598734643524,-48.621536307900236,25.07520786338666,53.27808016579941,-3.3769930860956023,0.9602099077032795,4
0.898185070256398,0.15009574433432096,0.11862345833510377,88.14302402322504,7.871144589966411,4.993807560895345,53.579499253703275,-7.770956469099214,4.024108539793638,4
0.9776295088707059,0.13375508701554223,0.11104363554753817,69.16938137436597,-5.402875197943496,26.847056261197338,52.36484557523346,-11.938871250608475,7.967032339137101,4
0.9675245154245014,0.3379538687284376,-0.04458048928700757,13.815984362130013,-35.587972859920555,-25.610508484751502,53.771531754927615,-21.924109728700344,6.4912591281945025,4
1.059035319216518,0.10784270562209615,-0.12192080015115501,48.674779379831186,12.958749756460671,11.776896676722288,51.9490566296987,-19.132946867509375,9.573909833372216,4
1.022314339319002,-0.16377126009265935,-0.11827998171579256,129.1458952261646,16.88617557746487,102.74898209160281,52.54299094053823,-29.73836771523431,7.713955506089382,4
1.345321351942086,0.515823833247658,0.2540963546635213,238.8182897902062,2.7675949228475814,-70.4220137025359,51.06082607927923,-40.909015528748114,-4.153893009738687,4
1.053980993840966,0.043984903822348397,-0.10557937772727594,66.97619418047061,-2.8968400925714044,-11.174143270806418,51.946415058777454,-41.81157987596937,-12.801054374750052,4
0.9400024071030084,0.07234420899702275,0.058607686655267784,8.61447947474877,-0.8957423562395791,2.8927094146424714,54.5869971913656,-41.053773548834016,-16.19126688506475,4
1.0415804179731958,0.1210789335554497,-0.018299910681814767,43.646942044066954,-8.76833633666842,13.30950276297529,53.90900382894066,-41.644213518784866,-18.732111647357485,4
0.9331898639108436,0.11731429655992053,-0.10248015649567199,127.96359951715951,-6.428035338384889,-14.193177153876352,53.255638676995645,-38.48663434104875,-27.375485009786637,4
0.8700244743308908,-0.05650141024036322,-0.13807149025833576,-12.935431006625645,-1.7462734167584038,1.4042085296894578,55.46496750865116,-29.914278432651496,-29.60908546618292,4
0.8623989942829946,0.12362127809716442,-0.07655830296217196,44.81695577119321,-16.66161137587321,12.674092645651566,54.59533362340638,-32.27619562070216,-31.100218295407405,4
1.005838405600709,-0.007003592703382175,-0.12206066414985388,50.9232064445216,-15.913577568578965,-2.5818822114139643,53.386426850497784,-23.990521166272384,-34.93582296437664,4
1.057235775991011,0.11742462656443343,0.24134338972140523,36.033907048338605,-62.07207654628695,14.335337383104989,50.267295882173485,-25.78879837587736,-37.85476474143124,4
0.9753739374538648,0.014965749630899111,0.22711179995493005,19.72368596894158,-10.801077902129437,10.567833515716302,47.98711486747879,-23.000986696622682,-41.77026469903564,4
0.8687189167240055,0.19975588969530286,0.002035419039171038,33.53361753308178,9.213793991056065,36.243214813296426,49.69172735519234,-20.10513776666304,-40.95274073108076,4
0.8410591599088157,0.2954968906938362,0.08059171900289294,189.58257513415768,72.39332049047039,17.794874520203642,52.444262413630625,-16.95459508476955,-36.59716559372495,4
0.8008273471733254,0.33957887133750764,0.0032861507615131735,99.02057151295837,-27.04865082617829,7.538817315576231,56.27221570711046,-6.759465504250616,-23.243611586011404,4
0.9495208303237711,0.07709878060398627,0.09942766381376346,57.073600089952365,23.040902775123133,-27.117147237371803,55.24650767559849,-2.1655548975598484,-17.84888944758062,4
0.9538170043997727,0.16193246988351287,-0.016800830026487995,-6.032600286186488,-13.993188152321238,-8.151030177123136,53.23199355600031,1.8098364798718287,-14.360050685908588,4
1.0091396820419312,-0.03306488706033433,-0.0162345462254649,-34.49528249243277,1.3299507827070172,-22.013804391273574,51.76510603574108,3.216825873044599,-18.09823623853978,4
0.9741173501871081,0.050398109632121976,0.2240136624888071,-3.198595271871522,-10.848808797664729,11.936302941528167,50.650905975310565,4.742224883976284,-21.34757243365733,4
0.9721201582494556,0.142131127779825,0.17204935359546866,0.4843124021264889,5.532372452054193,0.37188738369662544,51.98491460903032,3.096535388597568,-20.720489813778592,4
1.0796849088345764,0.006063493230903612,0.17825321430198054,-10.979870805408023,-0.6220677060217813,-4.8718799573827845,52.0341216952549,3.5585677811752503,-18.461179448554304,4
1.0662213982416828,-0.015091581809312499,0.07167525131016834,8.344798820437791,-6.023078883376608,1.065541191485654,51.40530273936072,3.3323325948960845,-19.289332227898367,4
1.0075156835986763,0.07769638725409311,0.13588503474568153,-13.401577247576132,10.741127079921705,4.993117394635343,52.59106404714562,2.9269105548205463,-16.78836401061861,4
0.9730595423166722,0.13437985640037248,0.09370154523436015,8.823398566208144,2.244101646179579,5.526731061332311,52.11528991536296,3.3229977029752185,-16.861249266432566,4
1.0054565341918378,0.12749263886021753,0.05415333237125041,12.424541233342293,42.82918464793133,3.6210086073205647,53.27322738524023,1.8849524295971274,-10.912480481708167,4
1.0947214588225227,0.12394303972575195,-0.011283808064428885,11.745637562590554,-12.84970921670277,-20.17428839596841,51.4586568903882,3.121774603838559,-6.875603271274697,4
1.094295030175371,0.0005393580086599792,0.006159677077479997,16.312329895523877,-16.10336675294716,34.86199627698928,51.765147779848355,4.694769462870721,-7.2833513957210485,4
0.9621997985729124,-0.007746746090875473,-0.265278306043943,16.56894050230238,25.414361298559648,-25.064245265245074,53.951578590865566,-0.43510067825396226,-3.9377833877097363,4
1.0438805456906572,-0.046771362219898964,-0.1841743663978257,13.113919236091759,-40.00087340489529,-25.9293787794092,48.854959540633175,6.338921425587245,-0.7869638202732139,4
1.0150983278416894,-0.1790578112524095,-0.12432326763251633,5.260442247877567,-5.457309212492848,-26.17978006832277,49.62064523285809,7.0554009305698315,-4.207824332225032,4
1.0278530877731866,-0.183280231961312,-0.0012600486517129889,23.452316999804044,-35.751791849486715,41.525385793583375,47.97257229559336,9.184775062920243,-7.068261376176553,4
1.0303021408876667,-0.159940768673654,-0.013655520303991711,2.4504839145995176,-3.8029554633456115,-1.6643766361212275,49.019600452445815,5.072082252493311,-2.5482289126572644,4
0.9871170388353627,-0.16830660781015844,-0.12814670567000336,133.83031526346383,28.306200299593446,14.118028050835182,50.34482040847028,-3.056412316558841,7.228402222555391,4
0.9039838247202209,-0.017125886728656937,-0.013758736219240703,47.05369348905675,-13.729150697479138,-2.172443466231174,49.27778714767462,-11.063824792540103,11.296816550864216,4
1.05133684191093,0.2104875836352455,-0.09854015670895391,25.640403173756557,-24.912888565462165,9.30891691832823,50.19935379365024,-13.212932368417325,11.698756561071646,4
1.0134480212613834,0.19103836551244546,-0.016159879195318888,94.44420119781674,-1.4174082579249272,-10.018452590913713,48.98314886396938,-17.13078315408389,12.828496947410104,4
0.8524480807786923,-0.2371391667078064,-0.26185704041100966,96.24390683633878,16.52014613176782,21.31627190701844,47.24030500080526,-32.19299825247637,12.191151051851365,4
0.8498726981548368,0.1522672405853391,-0.31838530420099365,53.16835764988328,-30.316390685971616,4.756716984534905,49.339724704181286,-41.88199738941922,3.389425342658614,4
0.9499617811875631,0.0970404948575265,0.17718070020954207,37.465456746696354,3.1788048826144855,-14.659925429509943,51.43825466543239,-44.02356473274023,-10.674258520299714,4
1.0014097993886453,0.03408547004475947,0.12919954483793442,36.26498988118232,-1.1360294115524088,-3.828825341549617,51.99451973357064,-43.24408033245428,-14.233801570976986,4
1.0621220402224105,0.06766963940032089,0.0879440504598046,87.21340330879349,-34.216100646177374,-8.85377589367469,52.36863157824663,-41.48027110368317,-18.637767103794886,4
1.080570589743389,-0.04720736547138148,0.2522067306586416,157.35844139417964,-7.20273412690151,-33.63569074601167,53.68879195938743,-34.16082253377052,-28.37252697884956,4
1.0477015089640107,-0.30523476381707293,0.1812482847168882,55.369455747356916,-20.276745689724983,38.5200893233068,53.63066972116321,-24.925356510684285,-32.169079805945266,4
0.8209186877432856,0.010938712776040388,0.17741275637415949,68.66914805037274,-19.157667830953873,13.480643634480344,50.82157681752016,-23.71669342146429,-37.139841073772175,4
1.0200866086966327,-0.14098470582548664,0.11038766487856191,78.13717039781817,6.208809219151133,-16.101686591577977,51.21434516674543,-13.300900670350927,-36.68323131176423,4
1.098455758332826,-0.06127162293723447,-0.03782688542541789,79.6428008903964,-58.68541313388614,-6.9023035709217515,53.99178565609816,-6.306574186370997,-30.5515649398889,4
1.009842119367609,0.06948740932872607,0.055298807336688904,132.39306253619546,-30.455230736900948,10.809891503070304,50.72284422155368,2.9707830899890375,-25.223763971998682,4
1.052780213302449,-0.026554921904803075,-0.06424563062020026,74.96753770241733,16.093057877764537,1.6291408371241032,50.12128603730607,7.157905349340967,-17.083592875235695,4
1.0834890595620026,-0.06884570455290717,0.12273728854124799,-3.8237044062431402,-5.980817481681012,9.38344788024705,50.63733354580791,6.380374789912695,-16.115565567739562,4
0.951997593972003,-0.20942132529387872,0.009937862892311758,8.082472491340024,-18.127374644321577,18.981040874189297,50.88433103810209,4.484300354137054,-17.546526365615527,4
0.8567675069575914,0.05252204950877423,-0.028514867228201627,-11.139159803533124,13.365753416450971,-1.76419101910455,52.40111280882911,2.4323912874785694,-18.02555799832246,4
1.0802866462066647,0.07000413750711679,0.16680856181384907,-13.23314050874036,-32.1172846630182,9.970637551538992,52.72208806230124,2.3631596009371405,-16.529262066035308,4
0.9779264585599539,0.007024129521651767,0.10954650468099472,1.6264179450259844,-3.0527344056782666,-4.2922642117780425,51.91421421057056,2.7511323991599874,-20.1971131776915,4
1.019147440903859,-0.010678147737788052,-0.015770881257923884,-13.562026922550404,-4.602859727355309,-50.82836155499792,53.77270766818843,-1.8779128830175933,-19.59292394917617,4
0.9863061690529497,0.03773290749338107,0.2793148075570091,17.775048016170853,-7.881360624196859,79.56145781340621,52.378038210964476,1.6218566308031672,-19.295671979916506,4
0.7969783555290706,-0.22149174814168715,0.0036634200878208345,2.004036017834888,4.638592814982209,-68.74923241932453,49.72312010658902,6.227992767964732,-19.15296321142161,4
1.1965677170408553,0.1592728795618745,0.03798383041791175,-9.554429869727702,-5.488595719643683,37.039068358333004,53.882852074068325,-1.6489887835017836,-17.735669271165737,4
0.8813538493661897,0.05472775279903244,0.11594107315603477,-20.761942306602617,10.151318017104503,1.9610339733273066,52.53910241145508,2.017346013060043,-16.521192176658843,4
1.0215777576045735,0.12498854950195272,-0.19194368688632127,25.173452408701504,-36.88126038333334,-4.57029074805534,56.180801821133876,-4.16913824579797,-15.086939616988369,4
0.8215840742660973,0.12118808656749543,0.06607034685201299,6.3074943132137555,3.7557828420816306,-8.095325131378015,52.48133216738585,0.534122885753764,-15.97627574903663,4
1.128792644560371,0.3103355787784338,0.023294697491196125,5.398096100288235,-5.326461391164062,54.58893606251736,55.96404662374642,-5.109432986145668,-15.364359063745713,4
1.0253807264192558,0.1325993119231574,0.07261088944985307,17.226228371166677,-4.0750854367318095,-72.60441581877278,55.70913123103451,-3.9452690313126593,-16.138511807660798,4
0.8554785098230455,-0.09634910338256189,-0.11818283986905118,2.0852090730971593,-1.046946465434133,-3.3198140121951947,51.214032675424306,5.092685119840247,-14.401648972639679,4
0.9661541531404133,-0.040311996193237526,0.03785668816946565,-0.34667511709864396,-0.5789730319364766,42.50282067472238,50.549417125906096,5.865514580305525,-14.71497666303526,4
1.0925164208275135,0.0933163934843286,-0.1848133376346848,2.226624987604174,-3.4693307897249515,24.25909926424113,55.48367739107715,-5.580616786583339,-14.228703030570028,4
0.9360830758189519,-0.11894263848211219,-0.09394540735435286,7.611733141124271,-4.6289541357743005,-105.2727467253545,50.97791528643557,5.329731463174638,-13.958505750687305,4
0.8493770883244488,-0.16237229576697618,0.17723655203085587,-12.577931517294267,-7.5276652941408635,98.63781304123312,51.036546079516505,4.828217552496678,-13.362203825630216,4
1.026474794803002,0.3258822537849134,-0.07258408810843943,11.603684789847959,0.26673190212331666,18.212351347561967,55.86153939212519,-4.876904969182866,-14.200075499305735,4
0.8316108977152825,-0.045592036250468204,0.15633848886338853,5.949049375716868,-4.3695789377116405,-64.96383100714228,51.92308627037572,3.8744366177365768,-12.526639651149011,4
0.9678806187780815,0.16638112975225328,-0.07188309733483711,7.8002640642220475,-13.119878170862526,68.33225219580771,53.503468524292394,1.274036877732148,-12.19101057429595,4
1.0086894308606886,0.12878824350806622,0.1269286490198875,-3.8374588978057163,-2.2404861941299323,-60.67056377932672,55.15788616476467,-3.25679138131093,-13.761575273048132,4
0.9912651678419451,-0.07600319386666382,-0.025236093632511294,1.9791602295582833,-5.508053127620855,35.55916017696994,52.835838566598035,1.6668849060539508,-12.864090795979617,4
1.017286869300361,0.23054047259170174,-0.12962885542985622,-6.453374511404433,1.4548140591997631,-44.36722095549341,54.149198240291135,-1.1979195325177654,-14.061868285332727,4
0.9498041621183375,-0.03486038745105929,-0.009821501405869265,-6.00651073176445,-24.15155093469888,43.720154194230616,52.32075612986945,2.070241511754521,-15.461156294388912,4
0.9456102668113202,0.1560345824365538,-0.04998380534614434,8.360183684447291,4.351470792565175,-16.929752705685864,53.51946557967645,0.3960247311263585,-13.95327087956552,4
0.9692288067013665,0.047662067300312444,-0.018350140456792036,11.437635570256928,-8.983478356431167,29.49383254612292,51.28026293744627,4.239598611178588,-13.743418880083603,4
1.079124479660556,0.20799794867752455,0.08307321415640317,54.198647625454285,-25.65967151153857,48.7553225787135,54.30322367508621,-0.474075037591917,-13.142247827639661,4
0.858501156020569,-0.00800399309028646,0.017807956019369575,-10.09522649988959,18.562583820556753,-22.993183416496045,54.58182358802788,-0.5991199279582262,-10.426446422718898,4
1.0618224664084503,0.05191513030063252,0.07255055130822606,10.254115314987967,-13.956632777379962,12.375432028479418,54.89429688475847,-1.2623935927548358,-13.374229153540602,4
0.8789139589720507,0.08129315477327648,-0.0079908234453471,-3.334643129682329,-4.795732568402034,-16.20287947157635,54.46803951201235,-0.9638006826656156,-15.115263296878659,4
0.8396316448976758,-0.06337427929238142,0.14957209150831852,6.8184443010981,-4.245437433246837,-6.44127733731129,52.81901326684833,0.9692201180209696,-14.797313182791923,4
1.1027678543113764,0.058382595896348095,0.12987502124220995,-12.042949328582353,-10.266830216767897,-8.779835181565396,51.93307491725427,3.677493455259513,-15.032124865617108,4
0.9479742975481548,0.05059971824955975,0.19179129835537267,-0.3412890350277784,6.181093537118258,15.073646835965057,51.72310619348504,3.791773994957041,-15.742878854375899,4
0.9346586731824574,0.023528467590874194,0.29937435749865293,14.50416318671399,-25.90677486799406,16.341725654257495,52.254198762928304,2.390275339384932,-14.535107500838281,4
0.9226567286572751,0.17881080411917083,0.2647889428419056,2.908434226249152,4.245193438918568,0.9048226988791874,51.88333524282555,2.842593410441379,-16.117990877688253,4
1.0480631090933372,-0.07799790478463758,0.1823628234025823,-3.3916979475981286,-3.706310723419863,5.249585537000652,51.67824231033657,4.087790714919053,-15.488908770420975,4
1.113604109742904,0.1790213102189799,-0.019284226308835396,-4.002432384353618,-3.8297638224273287,8.258964720454346,51.212695371489545,3.794772607096332,-14.950914804023878,4
0.8943985376620011,0.13745230861157992,0.14458510516658082,-3.732165447516307,-4.910056813766607,2.0313842345311537,50.87373240693564,3.7600134787234722,-16.030752177717133,4
0.8990266890700039,-0.06943788720791158,0.1752849613695504,-0.1457020700187553,-16.52615140924897,-2.793420533903832,50.75457989070387,3.9653877002024207,-15.648348201923435,4
1.0178545418068845,-0.02346304554628989,0.16426425248298396,-4.760577070205103,-18.41978848996137,2.081794798241895,52.44184390099861,2.168227816060373,-18.13903891577497,4
0.8842173192161487,0.13074174338411754,0.36286625924875493,11.438529113080778,-7.610544416777359,3.2496114295808036,52.09985236120558,2.485020403007,-19.06866289166969,4
0.9031250706631941,0.060762466471653245,0.3636677323220553,-11.522059552277828,0.31348511331509893,6.232590344950994,51.73477315814392,2.5912329710670843,-20.374431229467742,4
1.071040602124738,-0.04107826147134097,0.010713222098779451,4.829857405626706,-0.012595575340269949,-2.018553268520756,51.77583777570519,1.8991528619041798,-19.92079695075977,4
1.0928713431416994,0.05222160102676192,0.10803275896903486,1.8830999635394208,-3.6292345938502732,0.7133351381460125,51.19917425683621,3.242834913825639,-17.473496161225807,4
0.8617587466325082,-0.04485845660892469,0.13840759935566066,-0.09854280363614068,-8.733361197633089,-0.14510144303946299,51.61715578738746,3.505667685685758,-16.823757375545963,4
1.079869585277636,0.07406317112887609,0.11204760500771525,21.158609715496944,-0.38036436156163933,-1.6557154802469363,50.923321952196076,3.405046815335573,-18.38159314708759,4
1.1372159023753186,0.1605165838994546,0.20049539772687017,-1.4758423611611875,-9.514700340929016,3.0496852912333434,50.2340756298447,4.1960414567690645,-16.210664317638983,4
0.9625012223286441,-0.10105910359305531,0.22966268389397865,-0.16315064765821768,-0.626643372241658,2.290489932460449,50.66239115621,4.155716719253369,-17.222855264273676,4
0.9957021271650783,0.0761458668379718,0.15111808527899115,-3.2403634437978175,0.9557186285797273,1.4322679326069976,51.34457219658119,2.8516943428419803,-17.40073210851989,4
0.996683436795411,0.1793149962687091,0.04312642342358849,-1.3463358355965223,2.34563588761031,3.1859289410143523,51.785047647681836,3.2894976298171623,-15.384091876232791,4
1.0577394104625677,0.0996490161627113,0.06618108746981989,0.9616456745725758,-6.856850016431003,0.14862871158236418,50.99958890463788,4.235180406826408,-14.405793753667835,4
0.8606956768943775,-0.09319204849441971,0.05758644750988892,2.1320612542046784,-9.433614030206478,0.7007840659474868,50.33788038083059,4.911674428671136,-16.08302787392241,4
0.9051001743890645,-0.011486098600236833,0.001708710472609603,-12.145138629052452,3.0517715775104675,3.5880375596593344,51.67216127860183,2.601326445726727,-15.531966951297001,4
1.0753281923142857,0.20764316003173408,0.021286371592195347,5.029103266103047,-10.338405538195468,-3.7905240145289265,53.28158205967086,1.4007128875610872,-15.652460072158153,4
0.9734952096061236,-0.003906384566381121,0.17295975597053237,5.733923554705582,-15.344473323721644,-3.608524970110798,52.0260135893582,2.8038244514424555,-17.064897567796187,4
0.9971689885031663,0.1542995662793618,0.2725945499681576,0.038226077085099036,-7.274453715228594,-0.040270148858692484,51.75126214779918,2.698191692302366,-17.90831135513179,4
1.1085813557081978,0.1751398467702598,-0.0327177208753444,-10.325318709498434,-2.249625268190652,4.141838982135885,51.340043255679106,3.8087677060689518,-17.09650446606542,4
1.0378266532258218,0.07715900966617972,0.12002126700668972,2.1167045527288586,3.825593111049196,-0.9253925009987106,49.0956296905009,6.6736987506034735,-17.6039402638431,4
0.9172247186165715,-0.07764743914798447,-0.13189780625252467,1.733203866640969,-0.9591183543506667,0.32620447054007007,49.38923865981933,6.6559832796461595,-15.239692763712492,4
0.9253486243315581,0.19682895649706453,0.11860796198214806,-0.7342418706235682,3.7626454149282833,1.0743297888010925,50.802934326848735,4.246496686627696,-15.293953242932307,4
0.9734554410597318,0.18148379365888387,0.09753318736548454,0.6079559381083877,-16.02220390378202,0.4380968924607719,52.542558508101585,2.8344028990108185,-14.79562693864069,4
1.0403551913963018,0.12793894492843202,-0.000847894649882254,-1.2246571228634422,-18.320832490730485,-3.6164550974642773,51.47873083414248,2.932807471210912,-14.098403002134674,4
1.0253868643111506,-0.0745205177977517,0.03686227944504712,1.9291198723693734,-14.522869665939266,0.39782383116805337,51.440964647286705,3.433096283324818,-17.270637605394118,4
0.8654242589078487,-0.016019438889978185,0.1689265215776861,15.466613282585099,20.707298063779774,4.796508573919145,50.42182117819039,3.3630896656266955,-20.19199590871536,4
0.9533192690194676,-0.052232629866187874,-0.1330005731343559,-2.012613762981876,-17.412029703146843,2.6257491294886313,51.96452041778191,1.8046221181564746,-11.739359630203491,4
0.8855442877466849,0.1977202930578548,-0.07440122458973504,5.358543048771114,9.211527216953707,1.6869659853982242,52.04139807260054,2.6178981126249266,-14.014290446483392,4
1.018029000565654,-0.013652127274570033,0.10497219792999761,2.0191555204409166,-19.595601975427066,1.5022937930205147,51.90036908217718,2.2918795202604825,-14.631750132799384,4
1.138366964686872,0.2230852738972015,-0.003450098677030472,-6.964552965847357,-0.6300104299164978,3.4204747669909636,51.209894474091875,2.1372835646892594,-12.978694790878148,4
0.908058073778131,0.0784713057140736,0.013081163776293772,7.136250170876909,-6.481424443966105,0.4685545889516864,52.698939007356614,2.1186720295265022,-16.352377669546197,4
1.1275071776264156,0.16462507672788798,-0.06657862777072926,-2.626769710841257,-8.171102766979672,-1.3089778353335049,51.82340743105071,2.0634781662320596,-15.45741113653735,4
0.9247174929908161,-0.05221889052336966,0.18364068123412858,5.117067288498644,-3.532257730224796,1.449342959668498,51.71406415920644,2.178866576037218,-15.70460231364974,4
1.157182125079566,0.11870367372433453,0.03966545720073472,2.1266118942475307,-12.61532843073688,29.420758436969777,51.73151835258161,2.7141937419024265,-16.96197502770788,4
1.0015121077305396,0.16934020139680328,-0.011643069843307444,-2.7636458915171698,-6.970188550512807,-9.392175198230035,52.08649427939936,1.783977209903071,-16.890637911569097,4
0.9888581205699036,0.01754054050915392,0.18827566347405866,7.293716847775085,0.021549941357975333,0.008322213135133358,52.555851373669825,2.528791818207427,-16.53487134467348,4
1.2606474986620737,-0.06646712168072318,-0.012976995964187906,4.680250840924925,-14.259716877160857,20.95807179885759,51.42749253889697,3.1292525745194917,-16.41633306326111,4
0.9839352455088921,-0.036513046478168276,0.15980129672168394,-11.568862429758296,-6.23834427879289,-6.404170716851769,52.719321203855195,1.7194193503335788,-16.058679405311963,4
0.9306303893234551,0.05018249290688012,0.09054978339620218,11.153251537357667,-4.966193503717095,-5.871840809083119,52.231118508742085,1.9674248266613588,-16.010734715894362,4
1.3109404569431484,0.0642118905601434,-0.3105758291271084,-20.51752236125598,26.92369553873946,6.408645326534375,52.53501449941797,1.91845725024858,-12.056284075242116,4
0.6031958517581321,-0.25552606017412327,0.018846785848884245,0.22890966588791473,-5.869504857247378,13.999202280899105,49.74636466599734,5.906083721106342,-15.87603277282705,4
1.5368414380550655,0.2435626979422343,0.1960827133294103,-31.126817380517032,-7.072149189602875,-35.75344548154835,52.16477071771128,1.89305879929034,-18.541927913892444,4
0.7098160522450204,-0.07424818179850712,0.0060558654672409895,-24.636768526647266,3.074122409408309,11.922167393523686,49.50116015736339,5.508656930342571,-19.87871656181441,4
1.4503549279374652,0.2363997393405038,0.036398028325382414,-36.60845540508708,-26.479409139363792,-40.304604313918354,52.10288119902586,-0.41648538946747693,-22.234593602533078,4
0.8120140186052083,-0.08259493363085904,0.03016987678607147,-107.43951156496482,2.630084787073205,6.593083624443457,48.501778748922575,-1.6712237444336082,-29.93819121368155,4
1.2773004494282918,-0.09205770424534637,0.2361804946200948,-13.400903766831549,-46.746652062786325,-57.761783997874396,47.92840456212534,-4.180362547905958,-34.52020517246425,4
0.5797359413325291,-0.3135244258100457,-0.026465207767092547,-22.535085740524288,23.236411048501424,9.87129905930386,44.724057890265264,1.454177290689708,-35.456957530961766,4
1.251770149837831,-0.1596631509301467,0.2735448226854078,-4.266085937571396,-17.74753242568534,-7.193975001975056,46.321011880791445,-4.334635681520112,-35.899547018990916,4
0.7236589329422932,-0.3916924066565559,-0.12931689042205546,-5.9467756955266715,-6.610876641936488,1.6293970570565888,44.92970058975872,-2.158424737415203,-34.12375503413016,4
1.5053364206621649,-0.18333526276275977,0.11734092069556212,1.423156410397422,-13.208897815405983,13.878052632180909,47.0499924969704,-7.640580580085359,-35.74297326105838,4
0.5575633663977143,-0.35667708045129964,0.12979989731607153,3.5477041010463215,2.4256443504471643,-29.624343872658976,46.06384886069823,-2.6510884234934857,-34.86004851442396,4
1.1921302025329887,-0.146516820136459,0.10232161631942546,7.78050178609961,-3.622511626754176,57.73417766763166,47.45393362755302,-4.24751382045245,-33.463720732581486,4
0.69930262833691,-0.3715550402668364,-0.06653243856395856,6.8546155490856355,6.020985386531858,-20.466839100160477,46.90712319937071,-3.436046577490779,-34.701419947992655,4
1.3445049422073223,-0.15399822437728372,-0.07077580525121119,42.226525778004124,2.5947605349456557,30.196421016636798,48.752026690830064,-5.1879728139872645,-32.253403410415515,4
0.6470410261250902,-0.2420211913518181,0.029552802322142507,21.552965118007275,5.512349680657138,-14.811545632917682,48.73724200433199,-2.249861046617223,-30.81546625382811,4
1.3804236976650588,0.00207588161766277,-0.09419314585103357,8.253048384667885,-21.3789294801973,-14.79096365606726,49.86467107963546,-2.2297728904595324,-27.042782661856506,4
0.6888664295760238,-0.32816911900966705,0.0857608725480594,5.194670975855602,7.2569901622640325,31.189264493685396,49.04983075256619,1.4428165047591865,-26.35337373427263,4
0.9833077157766936,-0.23792690663139265,0.059594044861677686,-12.704803203704346,-2.103127248324219,-29.092686059916055,50.058359372403835,-1.1363125024331813,-26.86247336741131,4
1.15494825268321,-0.12250420635747694,-0.08706632545991017,6.60734487944222,-17.725002943199563,28.323897769282077,51.008206478449516,-2.7053700690927682,-26.58078262940221,4
0.7199941631903345,-0.13763199628352066,-0.09026858778137978,64.45987233378202,13.85393984042903,6.593994864937675,50.337222003596686,-1.5015386363442063,-26.48316449115718,4
1.0617792240233064,0.14696343169828632,-0.21090233146988402,36.36495511988237,-15.844053507512548,-24.119559633398023,51.6203930352646,0.6909445721840677,-19.707348452286354,4
0.708242591585416,-0.03886921266360162,-0.09092961705325395,7.573938121673248,7.452099260375235,-17.08134259656772,49.692535632176984,4.216157477460836,-18.394448846670493,4
1.4815617319084622,-0.17552592662966524,-0.11142743698738725,13.831875710974591,-10.632068135078853,28.608168138594625,53.02625443325127,-1.431589628160665,-16.502172935227502,4
1.076278220330873,0.09851899541195773,-0.01925203522904806,4.980089479485087,-8.122872701959112,-6.147573846913094,52.84714936458343,-1.40229241293313,-18.34914479096003,4
0.7057587619889363,0.04650194294034529,-0.28206080964797997,13.067178797844534,-4.423528248748533,9.770936552622269,51.60404231563877,1.1254305639393545,-17.669265117736032,4
1.1488205243217458,-0.10693077390147988,-0.11987925477463764,-5.761260888425331,-11.44926194103719,-7.998859145480023,54.273566682687964,-3.4972379406958773,-15.812276185052097,4
0.853951127451541,0.08681932098525647,-0.3913164514032327,-7.517266646095663,-33.22283333226139,-7.195908828917645,51.832185270854254,0.3309388393741607,-18.650973970054853,4
0.8161903969803502,-0.022161895065376497,-0.09475883413415213,2.436899491286331,22.562315030613444,6.098818469901528,51.0712463343513,0.9813080714904583,-20.94673304426718,4
1.0632994639215045,-0.14043139476826794,-0.31937282302076103,44.3876770677682,-19.792410490419414,2.9057193668760144,51.33088836987442,1.789496507653342,-17.509779350509426,4
0.7428824482735025,0.08808808444768562,-0.034188243715030014,30.781097774294775,-12.117956951857305,5.689763284259018,52.540887344110224,-1.1833726496155335,-14.750198060912068,4
1.096099367307687,-0.07437396390618004,-0.029705368881960112,59.13219272141288,-27.869141830638124,-37.838911430260644,51.69196242797471,0.666448040216735,-14.47605776305614,4
0.9521754101725056,0.22653818347084045,-0.21570725115965128,31.720293879628,21.481890084287542,28.42953832365394,51.30968675643433,0.9566753798923193,-9.926946470341317,4
1.0019786267271413,-0.11999581247953546,-0.17126797967028268,1.472404959958458,-14.84453344920018,-6.46536482341441,50.57256270476534,2.01889007353602,-8.903108046312761,4
1.0280744740580823,0.019406972701958423,-0.010481486268670896,3.060940220032004,21.050973007651557,37.56210792641665,50.73775847441339,-0.15994633811442646,-8.238872815810751,4
